{
    "notes.basedrum2": {
    "sounds": [
      "notes/basedrum2"
    ]
  },
    "notes.basedrum6": {
    "sounds": [
      "notes/basedrum6"
    ]
  },
    "notes.bass2": {
    "sounds": [
      "notes/bass2"
    ]
  },
    "notes.bass6": {
    "sounds": [
      "notes/bass6"
    ]
  },
    "notes.harp2": {
    "sounds": [
      "notes/harp2"
    ]
  },
    "notes.harp6": {
    "sounds": [
      "notes/harp6"
    ]
  },
    "notes.hat2": {
    "sounds": [
      "notes/hat2"
    ]
  },
    "notes.hat6": {
    "sounds": [
      "notes/hat6"
    ]
  },
    "notes.snare2": {
    "sounds": [
      "notes/snare2"
    ]
  },
    "notes.snare6": {
    "sounds": [
      "notes/snare6"
    ]
  },
    "notes.pling2": {
    "sounds": [
      "notes/pling2"
    ]
  },
    "notes.pling6": {
    "sounds": [
      "notes/pling6"
    ]
  }
}