{
	"__comment": "Designed by Miranthir with Cubik Studio - https://cubik.studio",
	"textures": {
		"base": "blocks/base",
		"screen": "blocks/screen"
	},
	"elements": [ 	 
		{
			"__comment": "Box1",
			"from": [ 0, 0, 7 ],
			"to": [ 16, 1, 9 ],
			"faces": {
				"down": { "uv": [ 0, 0, 16, 16 ], "texture": "#base" },
				"up": { "uv": [ 0, 0, 16, 16 ], "texture": "#base" },
				"north": { "uv": [ 0, 0, 16, 16 ], "texture": "#base" },
				"south": { "uv": [ 0, 0, 16, 16 ], "texture": "#base" },
				"west": { "uv": [ 0, 0, 16, 16 ], "texture": "#base" },
				"east": { "uv": [ 0, 0, 16, 16 ], "texture": "#base" }
			}
		},
		{
			"__comment": "PlaneZ2",
			"from": [ 0, 1, 8 ],
			"to": [ 16, 17, 8.001 ],
			"faces": {
				"north": { "uv": [ 16, 0, 0, 16 ], "texture": "#screen" },
				"south": { "uv": [ 0, 0, 16, 16 ], "texture": "#screen" }
			}
		}
	],
	"display": {
		"thirdperson_righthand": {
			"translation":  [ 0, 1.4, 0 ],
			"scale":  [ 0.2, 0.2, 0.2 ]
		},
		"thirdperson_lefthand": {
			"translation":  [ 0, 1.4, 0 ],
			"scale":  [ 0.2, 0.2, 0.2 ]
		},
		"firstperson_righthand": {
			"translation":  [ -0.695, -0.695, -5.565 ],
			"scale":  [ 0.5, 0.5, 0.5 ]
		},
		"firstperson_lefthand": {
			"translation":  [ -0.695, -0.695, -5.565 ],
			"scale":  [ 0.5, 0.5, 0.5 ]
		},
		"gui": {
			"scale":  [ 0.9, 0.9, 1 ]
		},
		"head": {
			"translation":  [ 0, -9.5, 0 ]
		},
		"ground": {
			"translation":  [ 0, 3.4782, 0 ],
			"scale":  [ 0.7, 0.7, 0.7 ]
		}
	}
}