{
    "parent": "item/generated",
	"textures": {
        "layer0": "./bouclier_rond"
    },
    "display": {
        "thirdperson_righthand": {
            "rotation": [ 90, 90, 0 ],
            "translation": [ 2.5, -2, 3 ],
            "scale": [ 1.5, 1.5, 1 ]
        },
        "thirdperson_lefthand": {
            "rotation": [ 90, 90, 0 ],
            "translation": [ 2.5, -2, 3 ],
            "scale": [ 1.5, 1.5, 1 ]
        },
        "firstperson_righthand": {
            "rotation": [ 5, -5, -4 ],
            "translation": [ 5, -1, -3 ],
            "scale": [ 1.5, 1.5, 1 ]
        },
        "firstperson_lefthand": {
            "rotation": [ 5, -5, -4 ],
            "translation": [ 5, -1, -3 ],
            "scale": [ 1.5, 1.5, 1 ]
        },
        "gui": {
            "rotation": [ 0, 0, -0 ],
            "translation": [ 0, 0, -10 ],
            "scale": [ 1.2, 1.2, 1 ]
        },
        "fixed": {
            "rotation": [ 0, 0, 0 ],
            "translation": [ 0, 0, 0 ],
            "scale": [ 2.0, 2.0, 1.0 ]
        },
        "ground": {
            "rotation": [ 0, 0, 0 ],
            "translation": [ 0, 2, 0],
            "scale":[ 1, 1, 0.5 ]
        }
    }
}
